{
  "project_info": {
    "project_number": "488312647794",
    "firebase_url": "https://telemantics.firebaseio.com",
    "project_id": "telemantics",
    "storage_bucket": "telemantics.appspot.com"
  },
  "client": [
    {
      "client_info": {
        "mobilesdk_app_id": "1:488312647794:android:b4470d06b32c6715",
        "android_client_info": {
          "package_name": "com.example.travelmantics"
        }
      },
      "oauth_client": [
        {
          "client_id": "488312647794-shmutvtchihfug0pfgepe4mei6bjufpp.apps.googleusercontent.com",
          "client_type": 1,
          "android_info": {
            "package_name": "com.example.travelmantics",
            "certificate_hash": "08ad055c1fc5c959aa88b51ef6b2aaeb1855a10b"
          }
        },
        {
          "client_id": "488312647794-g4hb1fe0ruv5nup1ek7pgblhji5b3ohq.apps.googleusercontent.com",
          "client_type": 3
        }
      ],
      "api_key": [
        {
          "current_key": "AIzaSyAbvHVqQZSsJyTxUb63CEceEegtV8OWkuA"
        }
      ],
      "services": {
        "appinvite_service": {
          "other_platform_oauth_client": [
            {
              "client_id": "488312647794-g4hb1fe0ruv5nup1ek7pgblhji5b3ohq.apps.googleusercontent.com",
              "client_type": 3
            }
          ]
        }
      }
    }
  ],
  "configuration_version": "1"
}